0,1,2,3,4,5,6,7,8,9,10,11,12,13,14,15,16,17,18,19,20,21,22,23,24,25,26,27,28,29,30,31,32,33,34,35,36,37,38,39
-38.387958437873294,42.12372291532664,-23.552286990211584,-2.716982810601175,8.496767566221612,-4.190646612796893,16.082091566382957,-3.5655141114576634,23.036741248593973,10.720183752083905,-1.7371228861583978,7.217695556323868,-3.339243209715327,-1.0516397887232494,-1.2766323952014342,10.46513672519126,6.505318387471362,-8.348288152256735,-5.041747312931677,1.5019718293414055,11.0271308851661,10.200827491895785,11.990121048128305,-0.13329657975722012,15.36184531833685,-18.136740433079108,-12.120696158714503,26.46856546944147,-64.74463535373734,-12.235179234278379,70.37919203301836,9.159190930582795,-8.558272862266294,-11.352662950830931,1.4226401511755637,9.547376821355975,-0.48501655007137817,3.5910185401527963,5.412331215556689,-4.257299032322261
-4.2672430231604315,-8.970612607998289,6.351240919710378,-9.671160334139188,2.9769006070741466,35.05059489186487,-40.502975575164385,-12.715702114376365,2.349436238171119,-27.612893089052424,16.290500345093857,-5.887255249862138,11.277561401587016,4.428036913128009,-22.59830379254255,-25.750959107551026,5.188306760924388,7.36083821518881,-18.670706777378953,-1.8237297358950972,29.33384765240827,-19.918769163657426,6.4065236571547555,-6.950290208970734,-19.714496286428343,2.750588310047054,11.437437873989186,-9.036425342905789,4.266342024518112,24.317389749981807,2.825075150429532,-3.671704248020903,-50.35240804813285,-49.490969390203304,-27.505555714735397,10.919498242243279,4.418626811426048,-17.37802703775472,16.162075729908118,0.11059693499052534
58.815404648058056,-40.52440204185329,7.196221383212446,-20.519129137353417,17.86065711176588,-16.367378375140703,-17.90007118947201,-25.301001869124406,-10.403243227636525,18.74778531340012,-44.718039216933796,66.40187869344184,-22.69557358413644,-21.242772131772533,11.453331154865234,53.66623158963021,66.49522095762408,65.6549313997689,-4.014433604204083,9.982651647003333,10.598170157029701,-7.637771953517444,2.3728880460735238,0.008983475526911342,-12.106347941189469,2.5956842106307456,-2.671171304138834,4.720896674272711,1.137894927335402,-8.156163406541582,-8.208064198367135,1.7458189427341955,-2.5500391094369683,-5.742227663757943,-0.04232894429532231,1.0978246038945072,-2.7066129307026663,1.1033800624276742,2.862949476247559,-1.5890449145623355
-27.38685688946306,-2.2393159843553954,-22.714886202382914,-17.41286598931469,9.599700621488982,5.428785431679616,-14.462500767370708,1.7050351015304637,4.697545348810357,-0.97824567760013,-4.039930424556213,1.712165732042955,-2.4741298950788746,0.90347373047294,-7.635483198867129,0.8181388097590157,-1.7284177244892656,1.134633989374144,5.193962813294632,-3.268558256231983,-1.0379940483277033,-4.9671164076635606,0.09520343797517936,-6.181899324564331,2.155776476814044,5.397774945017882,-2.25769971216283,-3.35391464573027,-2.359084765069705,7.550282028412099,-3.1360069792341645,-0.8003278576008236,5.236871567468352,-7.275638046841881,14.922717061815613,12.015437116519093,12.945940206626414,-17.30140974274696,-6.810976903198096,-6.325132030806003
51.02790613160205,-16.36560651119104,18.297455456531864,-16.82951226032818,-46.530645601320586,42.48667983734854,8.337159225152657,-5.001343438239145,-12.261812030849837,-20.22678167696185,2.449395847729437,-6.2321166478653796,6.710309128493195,1.251487594498665,-1.768223024675673,-8.781742912659618,-9.43281593900732,7.1113886137659765,-1.6735356099778063,13.481890828483492,48.58309137711469,-10.404409716359732,36.66778674526223,71.85078820357346,11.140061568973882,-21.094785222430602,-28.999079562878403,3.3752910055760292,16.55121129119099,-14.694948218910612,-0.990713869681105,10.228070286004671,8.431432689144351,-9.267474915852347,28.95326500604092,-13.47723122644182,-0.8428667301792343,-2.3276002475095927,-7.739203108825524,-8.626660245227226
26.946680795156034,40.75241138372328,-29.67591927228597,45.265512694323476,-26.15264336262437,-39.163708145484215,64.73140840345279,-27.81932142010617,24.968955244747146,16.975839168887333,-15.643720572067652,49.497739582447764,-51.0829862450071,16.86469870100113,-46.92641747982819,-55.221977203620405,17.59924515216338,-29.03799813922552,-25.569992590819055,9.105522921165203,-13.331841569216365,-35.11095615858869,-5.671019432714988,5.36870543259372,-0.01901831358410222,10.486125041362985,-9.495417897676065,5.553050609635292,8.935343970150353,-8.082766775373969,-11.706761894610544,-5.709463549584933,-7.8828002451712385,-0.7358001590577584,5.5615555144072015,1.8194984753055672,-0.7835804837420924,-1.6200587100236667,1.0261670679724346,-4.00883870412386
-24.075327928979792,4.23459506054298,-2.340172286585466,6.558643678714005,-24.127906453911436,5.05453706938359,-6.985151126010079,-2.157490693772827,9.26731714575986,-3.7738101198768375,1.2776028505536023,-4.201103196255743,-2.3395124910422656,-7.989840861260787,-3.997877662924069,-3.599062561736028,0.9487337095240582,4.750138312530555,-8.169400558177148,0.08577307892750416,0.5915893056301842,-3.479817176512778,7.520551066504375,8.265492221078489,-11.301153647410766,-4.245513504624127,2.3351691664559167,-13.258928558550098,3.9481551339308747,-6.6957029701751445,3.571905695638458,-11.24394206935888,22.86088203348415,-0.6993397928942134,-8.271036090922905,3.341074481498258,-25.180057894946355,12.244177166097629,26.733239741200904,53.11712258590714
7.689841396013895,-30.07661289175182,8.140980782067194,15.78799497814841,-1.8791096470618212,3.88870100638679,-10.554482601534533,1.7067093922719878,-25.49528289046595,-6.701441325208241,-3.3883544401607675,0.36566588643526193,-8.379987286790934,-2.885011859129982,0.20646674111527294,-13.61240349897449,-8.415698564703344,6.520594399358606,13.455286539119076,-0.7216759651406437,-7.502023452469009,-3.243680363971275,-13.808257391309086,-8.045738921564535,3.711395228016398,-2.4870614489359153,0.6763954070429581,1.7339213300948317,0.27450266168655546,8.685041369521803,10.03279966163975,-18.672385842756984,4.914448820655155,-0.519797152867046,34.69419982991837,-26.84083574473582,44.009830515915034,18.03158946075033,51.226316894049944,-0.5058807368307903
-181.73753878095968,35.20696967014179,-10.63522004965815,4.998140952990506,-10.328056578551108,-1.6854388775667402,-6.7542607198478395,7.65609599024476,3.252054256871199,3.183783749873699,-2.7943718566857343,-0.7062542707778547,-0.6620732346819368,-10.620563964184226,5.633416527999177,6.285232085775083,-1.5835483236063137,1.6976841532011038,-5.0669582366169355,1.1150272018668017,-6.399380469591359,2.09276049561952,-0.2918960306435505,-0.32289901350093214,2.0877638971708063,-4.763316963186697,-5.073381626211436,-1.2151203514839277,-4.415419233792328,2.304238151364833,-7.192933158101666,-10.774269825230775,1.8938870940731063,0.6609381094146893,-2.592681678900435,-5.089532846999808,0.6671235236036864,-4.218745261876795,3.529941635299184,-2.11387020252289
63.12439831889542,4.805928036672507,129.70705664087274,-4.872475247144412,9.39536146016238,94.3042663416633,36.02359557286296,19.31841815485108,77.79943694749434,-4.9328615551469,-45.487745570964016,26.130937644870635,17.267578930457535,-31.992131415617692,7.408883587061105,-4.33793953672011,-8.866753147388504,-17.710647718389325,16.372597778257227,4.454282637512508,-26.96807262499876,10.700927382551624,5.683134600742306,-11.679264971566452,-10.255673451993712,1.6753580421016354,-7.489933122723296,4.084435068266897,3.319354672165279,6.666708121058628,-1.5677425750069358,-4.919941796610487,-5.249416056452314,0.8176791588976894,0.28525891568950357,0.4395961732778814,-1.491115214719895,0.05942918663941159,0.9257579701186306,-1.3976369188851248
16.377040202586517,-24.935895591112054,-7.811150387225978,-11.995532083554114,-9.83657486306101,-28.490976470906862,6.7583492361664055,-8.503654294007356,-13.740377109849035,9.614909029652704,-14.664947662194567,30.311601722490245,8.966443019304435,6.72499785042638,-2.96406099027323,1.0566984022005004,-25.902806883174293,-0.8152637727961125,-3.7511123305024623,5.3373830906943525,-5.5713308831214325,10.703347343020805,-14.850358084848246,-2.297438353625941,7.959156763748595,-13.335536053695275,-23.98339333182548,6.063584849406313,15.110358340623568,76.88520338732222,13.431751680835678,37.119974705997436,25.202245787531172,-4.44225311310687,4.7424719630758405,19.11652460485747,-2.0975096235697213,-2.5082045573635474,-1.0018607715566439,15.384527610220513
-73.1918867566557,39.01614077282939,16.008174193915636,60.44484802428065,-28.38881323418032,12.330350653122338,38.126616094205126,-13.114683854570753,-15.65737225633183,6.824424704732323,2.9423627105819814,-8.61877747235996,4.312334676674221,11.313675214500433,12.199761374148938,26.738566116889636,8.006544693061224,4.821044689145812,5.10630886208073,-14.91294911041053,-21.570485843900656,5.481628059736373,1.7966805461585027,41.28155653807674,-26.119441252000133,8.874082543360204,79.58878045894836,15.093520950399485,6.898586269488592,12.068334855458462,7.115509854263727,20.005226015482894,-1.41956701011717,-6.6889422206781814,11.117850284388592,10.336303945883428,8.441784499229753,-0.46754324993814733,-2.5524737349693694,-5.868770669453441
-24.16976238023329,-6.676168137034046,9.289374135108854,-19.27067921460737,28.44077629352362,1.1096331159522295,-0.016140915971291685,14.015546044468184,9.674965214681375,14.059638843037387,21.471234717961806,43.42746888636277,20.078669453219494,4.47388805540179,3.0307055282998103,31.352676499567814,-51.51852687183909,-17.721433680794433,-46.97341329726112,5.799371626420857,42.4239746021885,7.7784060263811075,-61.150702205396485,20.003044480399332,-18.851248658321015,42.23819651770122,-0.3858522541618107,3.0204392657152144,0.7579272633622427,-16.314911722072814,1.6591889405215752,-5.095773884886715,-6.132321520224932,9.722281886365462,4.160295784693245,-1.335099120994998,-1.8258380765257534,5.959361349300556,1.3576075992304135,-0.8014520676212344
-31.34439327012259,-14.636356031988697,18.16990601805814,-15.962295878532883,-2.8829837526280557,-7.111335587812168,-16.395865632801122,2.9727105864151104,20.893498641978386,11.368790430093377,-17.442914256777012,0.9431449484105754,-9.401342171287629,-6.773933637042751,14.456477801261409,13.87015526994277,-6.403379734684898,-13.881418660475827,22.776510875995108,-8.997097112730232,12.73530171225506,-49.98551213454434,-18.562952628540156,6.836359963327391,83.05892215458914,-0.4569516027601117,31.50710455903725,-26.456798476966863,-3.432378293676293,8.881732772407336,-5.049391907752582,6.838156877604282,-23.822869363285086,1.9324830714819372,1.7615230318496207,-1.5661230655171399,-7.340923512246905,16.50530487797077,-8.297798822461429,6.529471297093228
-29.240971911096114,-2.6065718723944644,3.13411316692404,10.573505516831275,-25.412026079973888,-7.750018703684205,-0.30249618995845795,-3.813514585587145,-5.691012886618824,-3.368994762495383,-4.455526694596282,-1.5565283600700834,-0.8699795095697397,-1.1369765318300296,-1.2554436452915523,-1.7645584670049665,-1.513202112166833,5.36559633964642,-3.7438602437474335,2.935435681489156,-0.6189618400553549,10.429376177573472,10.724109531781806,11.83611886500711,-7.655005303854278,4.940945742721814,-15.689808790409721,-13.89823062656224,-2.522945691812771,11.256659219731349,-3.710861702292084,-5.477261764634236,-0.057600193295418094,3.6401234011866803,-40.507944430157806,2.7005725196450845,36.63157882280711,61.212250927046234,-18.676911933466954,-15.168730786229869
-22.00009772158395,-19.90031549159508,85.52434280196256,-21.84497898541746,35.91013195989487,-52.01495089474696,47.11500051764245,50.75281066426848,8.690124919594341,-28.83258460981294,15.664655270122495,-39.55567284141252,-10.257630981379869,29.577564201171633,10.702565028444688,3.0391428082401357,61.70311078934878,-9.823660223197072,-16.096923166335127,-58.34001334475684,20.66078426294487,1.6764398666793925,-19.01205524802258,5.960238511251863,0.7151714571700919,-2.5953599068920603,-17.560962736234643,3.496138735021563,5.141208010722517,9.69121396090589,-0.4599080107307559,-7.988596095377908,6.8140374247927,-2.7026356335250887,3.214010541661537,3.8859822011113074,3.994799217241072,-3.6981221584295034,-1.4910692718667016,3.109556812674022
36.00238646250206,-34.450955981868,-10.724654299975938,51.61092158927911,-13.831187532342424,-39.10223855577799,-40.085075499487246,11.349458538845875,9.08213671030747,44.17942467593147,-40.08630037427914,-4.374175809116093,112.42298407694624,0.09920625422295777,-16.223347329669874,-24.28285770439947,30.827304687101968,-18.632241138757678,-11.363535564016997,-6.228442632361931,2.6896544293924864,-9.62326689054171,-7.695672221079996,0.2132403380612781,-5.2249526759631,-20.957251979346307,4.382244026617412,4.624342367999249,-4.126797639939823,-13.879488020882276,-6.4951794735342245,2.9432238672524673,3.713299683707757,6.7180991422836,2.848734568295572,-0.4503840819149315,2.320331867279055,-0.4297655661852564,-1.6433255095215664,-2.9222680506678924
-66.69504146265974,5.640888180625824,12.076774459711855,-6.984116907317833,18.453659767862142,3.166562100139122,-25.792715693278616,-9.888623873753968,1.535687129538009,-17.089191686244472,5.205082997730649,-8.702125272144958,-2.9869003692120115,9.687561393213205,-13.262866314992094,-24.127241993891563,4.9419239843783895,6.607424610024874,-3.3381655151572325,-0.7025410427778032,3.139454724345974,-4.119143178412279,4.944941062661662,0.5831140800497373,-29.60259010768501,-0.9175294212064286,0.9193457353109913,-12.216107265781172,-5.130775132630157,17.222757213666398,6.053508614753752,14.655423607159188,2.549117216911038,3.842214342599393,3.7707183692763424,-13.140079744307563,-42.310463193259906,27.764587329079593,0.7139606890552881,-14.529059748067933
59.64754411153883,21.355203713918,-21.219485848237497,64.45859351695223,3.284394169839973,-18.07293655271109,41.525902076631425,-43.15963719840465,28.788873645761864,-42.18384108025113,-47.962442095554294,-43.06893097887601,16.020493493011614,23.025686798830133,32.84987627117384,-2.7790599612206046,-41.42284124769079,58.11779493312728,-26.604790800979725,-7.774939214824805,22.836933372798654,3.5205714755437043,6.2088660104916915,-33.991447843688476,16.042365292449205,14.429741225889773,-3.5658986128872163,3.0284244084681995,3.750491108757536,-8.055390437372504,-7.010031605114513,3.296623971445848,-0.6724972106068726,1.2873132378023675,4.3574680415145055,4.5471290842160395,-4.086971184457763,-0.49222591625535617,3.525684176891127,-1.567035412787818
120.98387773807968,30.683379411325493,-100.49660306989406,-83.27444542372983,9.26532545179993,33.956172072893466,38.1902112799068,8.081187519891206,36.340429475266994,-17.89121731216305,12.509646984656142,-21.206978660993485,29.954395904268967,4.109628970603407,-66.38118522464984,24.65350371689118,7.802259144837562,32.328305416274,2.403659506440959,-16.860532645785337,-32.99740103974956,-0.42424496886069335,-22.103873093964282,11.393969897046416,7.708010730155778,-1.5391720135558407,6.1882678147164984,-12.921689949046081,3.3610582819844796,-0.0038649921939999964,1.4620478514953583,2.089080467929686,7.3509129531582404,2.0819529546342643,-5.505607993441872,-15.314956045928426,1.1435238042524614,3.635490283701539,2.2003019568037367,-5.407595102182039
11.693340622730716,-40.40622538269039,-3.58837781152916,-57.294902072610064,-6.111765236087979,-42.14080366511609,-4.665097618787853,2.848324525568282,3.054729052072384,-0.2711047038096214,-17.779462013939185,-3.785082473327295,-6.610835282354595,25.693487825182867,16.19502493730997,-8.617223538947249,-37.317836841907905,-0.5729854668857457,44.16917826468468,-6.059317768343919,-23.552118477016265,-10.423537713947653,-16.179771096570644,1.7924360223633566,-19.19446899914291,-13.833237600728953,2.2522565440212787,37.6654811738048,8.50609005280735,-33.32196595309566,-5.551418522163407,-12.560141436506019,3.591722746772661,-46.384865599156235,-1.284800666480151,13.01827213412208,-8.374176934417251,19.86450344973697,-13.695387527955077,13.353352151799543
41.9519071339297,49.57208746854513,-43.61999580378328,3.680259487873242,-27.96956408093324,-3.3046346203494745,41.74173761836029,10.919914591314118,6.735689638212028,24.146394556307026,1.8300266423384812,-7.224668268696582,-6.0179924761396295,-10.226732332256221,0.2186795417287843,1.5659368286754825,20.71025006245195,-21.38703211941968,67.42063528106166,22.51583524553166,71.96811381973114,32.51389327908111,-17.6956503073561,-34.233050388315725,-15.791386354143421,-6.343742617385635,11.752289107186314,-10.44857062095588,13.342203789145845,1.8939932070529466,-5.022167364600774,7.717417815898316,-0.03711416696001059,-5.168956080838985,-2.4893241108994038,-11.011635044370374,-2.1695671597929937,1.4676644193518658,1.1990223898088883,0.5196505510523917
9.246676856412197,-34.50130121934845,19.826835183243368,3.545079700800956,-12.479376168909523,-21.354267931747554,-0.9298213109253913,6.457674964779974,-9.230345102631215,-14.438231071189465,0.1075318501312802,0.037952900487556,-5.428165248286467,7.993877221669739,-8.118902844369341,-9.587200367663204,-14.142693598918434,18.90448957783934,35.86078852977518,-5.510244903763204,-10.017122332733429,-21.52545202242219,-3.0516475549606605,-0.2119809985082565,-38.372909888958034,4.2795883606542215,-10.720808990544239,-53.037459006952155,-3.1022389101588423,-20.208933418005085,32.5340896969884,16.329865335893142,-24.775870129308167,38.528075002647405,12.687179180727195,20.36197308340713,8.894417994709523,-11.325025336494964,-13.311849955420847,15.566606982667924
-96.18701314651993,31.437618885951146,-19.807923966069247,5.098730355852028,-15.6223171983586,-0.753546682489894,6.669990682213992,6.746423139180963,0.02805497138974619,6.954327722491153,3.0250977109790345,-3.453269845493166,5.848341627866051,-9.62085240255177,7.765791655725785,10.739715297061972,1.1310112764071005,5.028952339082933,-4.075864647377667,2.0976726604220906,-8.15911394555973,3.335621266330226,6.325093984167253,14.921892212820456,-2.2751222828855133,-8.733343027460716,-2.0153363961068584,0.20193300189974098,-4.831641262911452,10.720086802914901,-11.225343240251659,-23.933677920470565,-9.219065644425415,8.837453496855028,2.898299790160438,-17.097231413742577,-21.466229348898818,-8.467537395563506,4.3470311067922625,30.07596813814994
-64.59544957366455,-14.957051770608155,12.136413404152913,-8.794645026341872,-31.532261059425128,-26.523917134321504,14.999695480723846,14.204774899483766,-24.536572673865663,-0.22568364366344232,-9.225168429627846,-3.3991684615405133,0.9397880603692451,3.9295892553104217,11.585104989632823,8.097438892469196,-20.690621414758787,7.825140923729334,21.82773830881232,6.0299884573617675,-18.781677309200404,-9.156539703706157,-19.087738555039078,7.1892359508517325,-3.489615030277858,-14.404846029777445,-20.00384731519105,14.915674445755476,1.3767165627555196,4.927874928555758,-9.270421138838525,10.753127791023614,-16.431252594567695,14.210793612040856,-26.523311348841254,-16.860240879039466,-20.755788888406837,-23.870610859987288,10.611862340881768,-39.46456785663191
13.096475254421145,-27.895793973389676,61.3376267201674,-25.98808534193796,52.0043009909078,-19.45795605477154,35.94888203996703,-94.91048792330902,-17.307432223917765,76.16824774008306,33.71059714724247,-55.890002122411296,2.2267395303314252,-48.5117570190823,-21.201798888359793,9.725562846393832,-15.90139152852452,-3.0393876273659557,-3.5510887907266775,0.050213466684784526,2.1132740453074956,-15.669953700154533,11.195494782992494,-5.5032667817192005,-6.403999423151064,-2.7396471311872936,-4.7494450896269855,2.396273708358775,2.97556143711653,1.0702795509354206,-0.4032175090454126,-5.765237060628382,1.7112304345774294,0.5871102070085702,-1.4070709572605447,-1.875194216503329,2.5977300016703078,-2.6052829704419898,-3.285322465560404,0.3959473312005099
119.16239918133265,-37.041988268403706,-27.487234498493578,44.69298994486444,42.714715437590165,16.372310352298932,-7.622728835440821,97.18186387391738,8.223551763890839,76.56080463060965,-0.9863298782460114,-23.613621285930712,-50.37920789871181,-7.742644455840049,3.1335739141824637,-22.10573202110026,-25.768925874859697,32.67331307886662,-23.11830608909032,-2.5419667582616863,0.5612448390161544,11.13663809810605,5.430390788392808,9.746723175535784,-2.5171184201886065,-24.832639380656783,10.8167968796528,-2.6990497844115517,-1.3687541641291276,1.2258657166518743,-4.166530948057955,5.253168216355889,-6.20834607404233,-0.39773425864619766,-6.360336668726383,0.2755767711878047,-3.381896853628587,-0.5870239514987169,0.46507931165275174,-2.4613902241005348
37.8070130916752,-37.42682370875921,-6.531187775547426,-37.79014089218802,2.000511273351333,-48.052056995698955,11.09121007154905,0.19390269300245003,5.126816403255916,-4.485228350803921,7.008401214592699,54.3293701309457,4.46465371132954,15.264443668411344,-7.024230491655049,20.35468592499786,-34.838934166708306,-28.871771225795715,-8.233911878551401,-47.88279386400853,7.322122436103698,26.232841621991167,72.75615059450747,-17.768139516152058,-2.116308254188055,-12.285886268419299,22.54079494717677,-18.438949405103894,-4.945943239319205,-4.3855824444513685,-15.130922139965701,1.130062102811112,-4.42833328223198,4.744022814727477,-1.8953494426073185,-13.381518499736183,0.0974915067883046,-2.4794258802751905,8.809272518095558,-5.600904769611897
5.454423809719257,-12.947097521320849,-9.167875125266594,-22.77595674945994,-0.6558460368349405,15.134567408883488,-8.867317245676064,-8.522694491463694,-8.137138353375825,6.5330714150932785,-0.6155851962330917,2.112274645492518,-1.0630628472106236,20.51759516458118,3.257350660615241,-4.1772001914924095,-4.593979668383626,-2.043116292073564,5.637977219298433,1.2458854719128605,-9.871446153405179,8.670677693791829,-4.981811802522412,-5.488238361846268,5.6034779894698445,0.7470682445680864,-1.3765890845771824,-1.025618659949745,-6.331611319021012,-4.021955497228141,-10.509679353012174,-0.40204662016032755,3.014353996825153,-9.956842481750881,13.658663491550909,4.556191415179789,21.890487648815956,-31.073742558697198,-4.265784929741041,-1.5418064058312886
-87.88413566515095,6.882464806399288,-6.285906168686941,-9.460852258715231,-2.7055714758578513,-0.9097953899332408,-12.629778580604967,-0.5428728360557299,2.8221993104611984,2.7026257738591064,-5.115484420230476,2.909311253846695,-4.265490326313491,1.5991997098808777,1.7053708754327972,1.2427274559935386,-5.356260129793296,-0.1682757472735433,0.5080728691756635,0.3005838723592715,-5.0398546254019445,-0.8276800130189952,-4.795297599779068,-4.373037175256878,-2.4668978940752515,-1.0153114808795507,-3.4009421713462924,-1.0451302821891584,-4.242889411326178,0.1796518799366977,-6.731184093589923,-2.6795615164531927,5.683197134267899,-5.490419225904414,2.092512730969361,0.475531013390641,4.798150816014201,-6.671672754020014,-0.9134924021808751,-1.1571666075813127
-68.65131403743322,-4.526783093272987,-15.376228995961048,5.450709405996621,27.255771946200817,12.430097854701026,-20.612988784726284,9.219223544576165,-10.9214564679954,0.6330983605685249,1.1102348596074507,6.568995434517123,-3.7611625655796668,-1.6325658603326698,-12.346574655060738,-4.012504342214092,-5.725762809170613,0.7095147173864917,6.811920383263511,-1.923693295839498,-1.0442669041125043,-2.5473610549488206,-6.2629203201255095,-11.49389881407787,-1.3374272828618547,2.4480016213213776,1.4211766867763207,-4.484111015139359,-1.8783946854391778,3.0192245610600996,-2.967008650530213,-12.573340376502918,10.705670665518369,-7.894565932820991,15.640734931775944,1.472363195403439,11.812295295467237,-2.984494862836942,-0.37233959067181643,-4.314589925816532
93.05505857948738,-4.127079188506669,-52.599021731621974,17.763489996809977,66.35553217050487,7.80272534130461,29.020998866892995,-13.502792731934866,11.708171203619301,-9.869048884338062,75.94092271637244,39.24894284387586,31.661113618243494,2.8977945248688735,84.22824726334386,-28.77832072774147,15.881526259572244,0.9016596012506842,13.571464293101611,12.379267330656615,-17.222776003009773,-23.70926375223891,3.333047477690399,7.042973914860279,-0.38460467054999853,-6.036235813079274,-2.5797642089906057,-8.08291302767913,3.3348378998754993,3.414519604269094,3.84739976298756,-1.694757149671375,5.0145052891943065,-1.5666941632876796,-8.073571117853199,-7.544186200036423,-1.2458031721486298,0.8187099225120865,1.9995245648984905,-2.974363741409795
52.47372246570611,-30.912715221024794,17.467776609914644,-24.31625506064563,18.306003216587264,-14.667232677123659,-19.15635853208336,-47.252680022431726,-2.7830853696146196,3.318947190033756,-17.408448923318154,-2.3234921521423533,-7.396199467314164,27.16205041328709,2.9499865640860308,-43.38392771895981,14.79210186655828,2.407879843243603,8.899394456451772,18.41224339339864,-9.526716034649612,79.97061276547315,-12.582719323700278,36.405998879677426,29.263500923144342,11.674890910287223,13.75080104227897,-12.607737061058144,1.538697276021723,-0.8485863194414005,8.21119301242382,-24.466137355178198,-9.219859649731143,12.320568118955013,-13.208239592692301,8.242873171368178,-6.405979973290357,-10.043845688997102,1.968797758271192,0.5652808271510011
-124.8884553131864,15.529497641599736,-5.618056923473012,-9.419801838761883,-10.623644262906168,-13.740509283098804,-3.332207753488056,-0.935700601616457,4.65493594032588,4.607880608386938,-5.939842551807764,-3.018016374548317,-2.9493093931377126,-6.1962592709319395,11.137124460088728,6.045791129577652,-6.215795665929888,2.980885748095962,0.9893196503969142,2.6718858938960866,-7.030851836290106,-0.11291406872624463,-1.5841348412730372,2.1461869745406488,3.0715425580602878,-4.508154013955482,-7.564159290125821,-6.186477613448437,-4.443738489445641,-1.6642667886430396,-4.891993921747026,-5.579878720472308,0.14020339361062487,5.832238299787941,-1.636380069268111,-8.486220797592717,-2.1146136570954046,-9.234326458472825,7.9003882044200076,-5.367494107363477
-88.23809823037114,4.801934388417214,25.668254511282147,-3.0383537230693416,1.9687502801936954,-4.447300053894987,-11.450412889947426,-4.509283977079637,5.731122313038468,-11.911890144531819,-3.1756092637748106,-12.40054267596835,-9.545970568093667,3.4775209081900114,5.919490071307825,-13.578520583391349,2.7440435628900075,9.745744103625087,8.306614458232698,3.882345502006604,-4.205624168345506,-3.267672785042483,-7.620422090487234,-2.18821294882517,-10.534377416239899,-4.470511216589652,-0.8287313959365505,-4.576024040026185,-7.995095022387595,-6.1872653303723055,-3.4408941866264158,4.9924445983098265,4.387339259401156,7.457142479201061,-0.20129448737054043,-16.569126975941884,3.339788448643413,1.3166405607066285,13.359183655872057,-10.309515547189411
28.55244236197742,-13.239091118447735,-20.77384301654365,-41.36090185897679,-1.2402352023279468,17.795329937924766,-21.11249770302788,6.4408634586287405,-0.4736772525557626,-16.91334713789156,-12.176410989411941,-0.9477323818562676,-9.037664718653975,0.47310044402075807,-2.085506480700781,-15.294763719904262,-2.5392728174787336,-0.991966601492836,3.460503953118531,-1.18386812659501,28.18836169750073,-34.93409855526534,17.34565554969947,-9.241125677326885,-4.641435437687683,1.0737369097132952,28.202485084852672,50.554464411264895,20.64776217017976,13.525231364364325,24.627532164920694,-33.93617410406128,16.290353723682593,49.84362752385871,-20.949328287080025,7.296207580319095,5.268760937516825,-8.810192763734822,-5.490090401106424,-2.087225698303388
-47.03970511630862,35.2973729977072,-10.541583055184057,25.671490238331845,-16.8030964528697,3.3880116175223445,11.80903025756381,10.10527731829466,-5.925063395573452,-2.7927634632594045,2.662243174480766,6.271848149386937,6.288067975169438,-7.225729997494227,5.6492127366524345,7.8620249189835665,-4.607816057065312,11.105071200639983,-6.521618388486678,2.648085845716606,-0.41406798465671724,3.8874180615532317,4.055812835516699,2.4602466211696186,-2.864709853562176,-7.461869904985483,-13.349201171790614,-4.079063883576891,-11.968384253092573,11.557355170791858,-6.02298523348389,-23.130984429781925,-4.590117560823764,-5.817836108505231,-11.655316905933441,-18.837332806807762,26.61313641344252,-16.81246100466502,-48.17831956464339,24.533215039314275
120.90321337301125,-22.121604519026253,-46.74823767339356,-51.995429812046645,-63.532204193843036,1.1146047603624383,1.6418734216524091,-2.1566134973534283,-37.560462523663624,-25.76038906762859,-29.24992497117867,-23.246838872183734,-18.01261264240322,-74.12672815164203,46.38737192058055,-21.2489673928924,10.931656359057504,-34.29506254974964,-42.80632048883305,-16.927270873742025,-13.343484889963165,6.250724654143658,-17.492569261515676,-8.92934615366422,-11.313133259017693,8.531695611592943,10.310329522122453,-10.434563601485038,-10.525633847082194,-3.5573394994511327,4.964216084141734,8.642723805644113,-0.4450706371044477,-5.358104251584479,5.6907411317422305,-5.263171754925474,-4.014341735399258,-1.5813809634390636,-7.359888010187512,-3.7235242598034017
5.58690829923185,-36.65813216262457,46.05556994917398,-10.559365338510675,17.99682131766027,-51.7770201248818,41.439872703794144,57.8053369680725,-38.11212978576223,-48.34442182264378,15.4712977826398,-5.548841231417299,20.413415954346792,-17.65336769838942,-29.082689304494643,3.32706130142224,0.6802262030876194,4.950513714985115,-13.920445383280073,83.0586984466446,-9.060003914838477,-0.7240659138345598,18.938794107739895,-15.2801415652965,14.477632151984801,9.034621684403252,24.06438466184776,0.03611103111882083,-10.88111149886413,-3.2146130018260415,-3.165263895613013,-3.1369603459522306,3.391983584939692,-6.926368535082756,4.970781105298663,5.1014803214300946,-4.787947697347459,1.462956305845425,-3.2275412308909885,0.4056799837837278
-58.24706137012415,2.6644282220536106,14.544065600407649,10.59308966292349,-0.7086407586821414,14.684207225106627,-16.69472727420166,-0.2214011075198614,19.308225103589653,-4.07947020706287,4.081194169465614,-0.21377125781981185,-13.541137203945288,-8.39897648691394,-2.6513091067446934,-5.169969624898685,-0.8061842910418237,-4.931039305139428,0.062046207302424196,0.8365206661246333,9.520986274029276,-11.782759752689852,0.8731378398922861,4.624104476707784,8.626662818256985,8.383818035281791,8.154957071170754,-28.43567452454449,-6.6608913373993985,-25.359707952880544,-4.731394362565388,19.02426747192797,65.725374601221,-12.146624625111507,-33.036024847294904,21.39520056486504,8.177377380227169,-18.773536193111173,9.000231204284807,-10.011861826793744
69.85741867551819,-17.53698103058982,11.74615674096676,-17.26413758559919,-41.85685784005254,57.757248484345844,0.8457989256607096,-11.803895679509086,-21.462865319816142,35.40655819754666,-2.766652327824511,-25.255539554142842,-9.171736707023806,88.67442831283883,21.561321057058574,41.83131612918656,16.67323197973652,-30.97474683208848,-32.246599417840486,34.17739970975054,-13.324527772817596,-13.821984630817495,2.746557447395575,-27.512349728967152,-5.368992847649579,-12.412700850676837,-3.2155256404482873,-17.636374144706867,-0.6468792807026591,-1.2813041558372995,4.7511963240226365,-8.112263476501727,3.084321229365158,2.345981878049513,-1.1594062940239893,-2.8937744960881933,-4.857539881087058,4.056719210811555,0.2573904673979421,-1.467027693024263
16.78781883915831,-25.50622257385511,-35.7154027251417,23.998143081599334,-14.417333036850717,-7.435417853699605,-11.9614377011653,31.766035325916864,1.5924490107207536,30.92552408720435,-3.6451175278590124,-23.302132630003573,7.588295731317124,0.8184916297893214,4.375425479073382,13.9749403697108,10.650788779408613,-11.255043969068478,27.6316728866127,-6.612515769895447,-14.19719106637298,-3.4724693335072034,39.34345767418255,6.583400523935576,7.10128960419923,91.12894999325168,-27.289767598097278,7.819987766780343,9.099554879196862,7.620014526528916,13.829722860037327,-1.6383810413911581,-1.2800458932053174,-12.283011317892516,-0.44273504827266874,-6.838773657001853,-9.346109070618233,-3.240654487441779,4.398125587334772,-1.5558875858596686
-50.78721620104968,3.8592558639176837,-2.459867425630276,-0.9660489001656017,48.620605330388955,27.330186827547443,-38.75783937269955,-11.699545876625113,-0.06712825449495383,-5.478694216921858,0.016114371406010547,3.7381571958552655,-11.46637306483001,11.115962378450298,-10.56225674347132,-25.83383618703317,8.247607538324798,3.6117298348198665,-0.9745994610692954,-5.074885259604665,2.5055557515952316,5.932341488185814,2.5709397003572163,-23.336557470889492,-3.227334583307768,11.260271990451729,12.47694527146857,0.835465735903841,-5.4786028526747215,4.98497324836415,-1.8833930330846258,3.6694334540359113,15.348328700985586,-2.425874438431875,36.11822581606166,-15.85843819980113,-17.284162086344846,8.93923116433521,-39.570768994112875,-10.856169121113552
-24.296003234917972,28.047190935608732,-42.17481700639835,-15.023897875317623,-6.4187385280603415,27.161245438959444,6.038046688409385,8.402633606981729,-8.286836340906124,2.247475569997485,20.310699985891652,-8.895154255114633,8.10033744108054,-12.769373194429237,6.911407352545245,5.993105255445852,7.318714340808179,-3.2940702095623138,5.984749489905461,-2.7023769410179472,2.0034370259206815,6.499368917609385,11.675545088016372,0.8980491155254935,1.2702546759442053,-4.690820921578941,-16.335463922925154,5.431460386042875,-11.719495715387064,3.80044280751518,-38.999193279037456,-14.719959035810245,-14.652775252465487,17.613662312487733,23.72155483685992,67.63552706861093,-5.0630318795714695,14.266620397962534,10.312388300187727,-11.133023066790157
-136.185770348602,25.358721887713696,-16.061336578150993,-0.9307800364059686,14.44675036439516,5.180278438231722,-11.048947103638016,8.570070749577786,1.4233624748318405,-0.5300030274073887,12.909897092482417,2.3372475026460986,1.3906207505215942,-16.362881218188186,1.6953991818267395,7.783575767388144,11.228505022458878,-6.356032616970453,-25.002662530216462,3.5651941466310433,-17.049620545938943,22.193364958230013,8.206245342518447,-20.744792114016683,20.539494459312397,-16.21391389210767,-8.824348153506223,4.703595558829627,78.55621338598701,-29.985650553661337,29.684977898096193,20.51160850804862,-16.667831608262873,-1.3648484118082176,1.6161691167242407,6.052004298709327,6.331268701788807,4.557591111616064,-2.0080126954923365,0.8432990762349326
-136.77577753788108,38.99238337236763,-10.497282725815394,0.34219591005140937,2.7814659228674734,3.7738083901071224,-7.952962547473861,-3.809370924480393,8.593410385675066,1.0149804724346152,4.622151770968798,-0.13720152406313924,-2.874063227364034,-7.271498104092686,4.319743046958516,0.2200638221747411,4.924633610755248,0.9617019897535182,-6.112468093700524,0.0476267769975629,-5.511100908532309,10.001459844253496,4.202110611455856,-5.37758854374259,1.8676255584252792,-3.955352373808516,-4.658420129429029,0.6163275534676923,-6.592775372256092,-1.885949188505612,-9.794442431088138,-7.040200875751582,-0.33415018049372675,2.346263281179992,-1.1538321459657288,-3.3278773523559826,-7.115902407052825,2.187662934313249,1.1032960861936667,-3.493379661125488
80.88955705605673,-18.293600620221255,-46.67590202962134,83.86013723578908,93.07349436442311,6.139493420028518,-20.240968080058554,-17.83193724176656,-17.77706641186713,-56.399392209089456,-37.78555813801219,-18.105692675335927,-22.250485133676396,-9.677807074243159,-16.99881264120875,48.249647230273155,-3.381389595444428,-56.27099883075242,15.070310898730309,3.9319935976555027,-5.054265886266275,-0.89717942223017,-4.811104059471625,20.15714667298504,-7.945187947318642,-17.693827259967087,-12.59541665212736,1.6862795657474392,1.942015114421785,-0.7848887414029314,-5.850180169406397,-1.5101364295283863,-3.9048748188530067,2.016812040931121,-8.65312452806014,-1.0702363873623084,-3.0364607666915755,-2.306212909707102,0.8261932678608028,2.7229181259500836
-6.978892457811374,-5.671521213880207,5.192003488758664,-26.557306480827425,16.167424010198264,27.782224509512833,-12.503888835705839,-6.488061225785877,-8.100059913342129,-6.27094618501607,13.385810532272332,-8.495710313822487,-6.7739150788170495,15.47264605806584,-2.8858418901072973,-18.435527134902543,12.53211073208452,-4.650319150773167,0.040854693195165506,4.446702135457998,-0.5284979091739238,5.972511030342609,4.401558709524379,-5.018831437416752,5.441039511317052,14.876086619425225,-2.6778216293748587,40.98706959202591,-21.528350945694857,-14.864066139404079,-34.92503654217892,62.40149574414489,-15.433248492205054,22.996367955710802,-12.496662264808933,-12.38638647415793,17.620958362519215,2.8257479985256433,4.808011425782346,30.92333195891863
38.15665839499362,-33.28820637259856,31.677893556504777,64.9834477151463,-31.169237455656486,63.17708441624727,22.760776741566424,-2.1354294180722095,-90.88134601702028,-6.590222821682229,30.580120850673975,34.45439758966177,10.104736965216016,-4.117868425184298,-29.369994348147376,-5.994109864734867,-3.4476620287549427,15.600208846686481,13.174070749340952,-42.61364254778365,-1.7962490806476705,8.877381202712915,-18.53265517134605,-22.77513490365958,27.227536910471507,0.3723268384975245,-6.9442129215790365,9.245449390232618,-5.686813209740425,-15.11334128904316,5.781517384373117,-9.168269386718306,4.776479053982625,-2.7517013533822365,-12.692525507059404,2.230505932407688,-19.63699533378578,3.051187964780613,-4.1349228062422005,1.1877331027905522
218.34925220177706,211.01048316169212,69.81575433507211,-11.202594014280487,5.2382290248149666,-40.8326154308332,-56.076348777343384,10.481194446149376,-33.24613876176904,3.506186694332504,7.516715676647429,3.7225904640570615,1.245389488600773,1.9775660047969221,1.6047032709341182,4.3601195622459645,-10.38417435057234,3.1320352573470007,2.6160980430618497,-3.6987754211287855,-9.245762425031701,-5.754787189261944,2.8181145032079424,1.2748043865779324,3.744133309863837,2.926310061678014,-4.225521667134037,-0.20874877424534544,4.498645304690204,-1.9098694348416725,-0.8476988110971198,0.14329927481837937,2.3708529125876527,-0.23097287355379492,0.18311616502405748,-0.021533398944479146,0.3536312870193703,-1.1172827287716338,3.348662159978491,-1.7036510093188009
109.61260479423017,-58.83164667536524,21.536469385046516,56.7157054503444,-79.397414566407,-34.45300426892918,-55.53018261286579,-17.538231089827427,78.67798483126445,-22.44820283488569,76.19147140976915,-8.372989648042534,-22.24752811059964,-14.299747315684023,-11.924054540217893,27.15641160757127,4.042315528029952,3.063584181544983,-0.7092762334316819,6.264377428786341,-8.829196425081301,13.483268523637616,-12.80368446952224,-9.76684313662083,2.920298125762275,-7.964605127003162,-0.129343321791435,17.425496606972768,-1.7094509004295066,3.244627287118865,-3.7048604701712153,-2.2479295755015993,0.12269560581020099,4.699956369265884,8.653101782255515,-1.3434043889596088,-2.1615318230051157,-2.4954124074262576,-6.363453871975874,-5.0314347799417884
