0,1,2,3,4,5,6,7,8,9,10,11,12,13,14,15,16,17,18,19,20,21,22,23,24,25,26,27,28,29,30,31,32,33,34,35,36,37,38,39,40,41,42,43,44,45,46,47,48,49
-38.38795843787344,42.12372291532688,-23.552286990211403,-2.7169828106011997,8.496767566221722,-4.190646612796822,16.082091566382502,-3.5655141114569666,23.0367412485942,10.720183752084028,-1.737122886158601,7.217695556324006,-3.3392432097152396,-1.0516397887231737,-1.2766323952014775,10.465136725191352,6.505318387471435,-8.348288152256657,-5.041747312931358,1.5019718293410576,11.02713088516547,10.200827491895893,11.990121048128882,-0.1332965797573463,15.361845318337032,-18.136740433079705,-12.120696158714408,26.468565469442847,-64.74463535373724,-12.235179234278478,70.37919203301801,9.15919093058258,-8.558272862265971,-11.35266295083103,1.4226401511756044,9.547376821355943,-0.4850165500713713,3.5910185401523673,5.412331215556994,-4.257299032322368,1.5660482540833436,-1.8358815042254817,-1.9412440643083597,-4.995858483061549,-4.568112038440923,4.060337977375996,2.7898963636103393,-1.9534558217490792,0.3869110459632581,-0.753556179607147
-4.2672430231604945,-8.970612607998325,6.351240919710285,-9.671160334139111,2.976900607073916,35.050594891864996,-40.50297557516409,-12.71570211437731,2.34943623817064,-27.612893089052452,16.290500345093992,-5.887255249861936,11.277561401587066,4.428036913127722,-22.598303792542342,-25.75095910755118,5.188306760924464,7.360838215188369,-18.670706777379294,-1.8237297358961646,29.333847652408544,-19.918769163656627,6.406523657155217,-6.95029020897036,-19.714496286428663,2.750588310047146,11.437437873989248,-9.036425342905886,4.266342024517864,24.31738974998166,2.8250751504293787,-3.6717042480182647,-50.35240804813288,-49.490969390203595,-27.505555714735447,10.919498242243307,4.418626811425909,-17.378027037755977,16.162075729906615,0.1105969349905387,0.65791894930322,5.469650309625041,-12.24351065927975,5.188932733014356,-6.176548556336058,-2.320676989513206,-1.7920275861929722,-1.7780719544111,-0.827660787518028,0.2122725031349396
58.81540464805819,-40.52440204185341,7.196221383212359,-20.519129137353325,17.860657111766045,-16.36737837514087,-17.9000711894719,-25.301001869124512,-10.403243227636464,18.74778531340036,-44.71803921693473,66.40187869344108,-22.695573584137097,-21.242772131772853,11.453331154865143,53.66623158963008,66.49522095762366,65.65493139976928,-4.01443360420557,9.982651647002989,10.598170157029754,-7.637771953517267,2.3728880460735335,0.00898347552710209,-12.106347941189677,2.595684210630665,-2.6711713041388654,4.720896674272672,1.137894927335595,-8.156163406541534,-8.208064198367218,1.7458189427345863,-2.5500391094368484,-5.742227663757896,-0.042328944295332856,1.0978246038944555,-2.7066129307026663,1.1033800624274541,2.862949476247634,-1.5890449145623624,-2.268723982558864,0.64348726467089,1.950629242580993,0.014013719364856573,-2.0783685111256385,-1.1271561029075203,0.7043107190412842,0.691113775503878,-0.4402122070100421,0.809438456049261
-27.38685688946312,-2.239315984355286,-22.714886202382935,-17.41286598931463,9.599700621489028,5.428785431679628,-14.46250076737081,1.7050351015302672,4.697545348810054,-0.9782456776002456,-4.039930424556229,1.7121657320428492,-2.4741298950789243,0.9034737304729661,-7.635483198867137,0.8181388097589237,-1.7284177244892054,1.1346339893743287,5.193962813294497,-3.268558256231898,-1.0379940483276338,-4.967116407663734,0.09520343797506339,-6.181899324564497,2.1557764768140184,5.397774945017786,-2.257699712162925,-3.353914645730365,-2.359084765069764,7.55028202841196,-3.136006979234147,-0.8003278576012005,5.236871567468337,-7.275638046841941,14.92271706181557,12.015437116519072,12.945940206626382,-17.30140974274639,-6.810976903199426,-6.325132030806074,1.4118223531734795,-4.933007600656895,2.3836202097533414,-23.171844670055748,54.731788420991144,33.169246598450904,-28.664752415371538,-2.766101578194385,-7.833107948869669,-0.3802304723207205
51.027906131602165,-16.36560651119115,18.297455456531853,-16.82951226032826,-46.53064560132085,42.486679837348525,8.33715922515311,-5.0013434382394415,-12.26181203084965,-20.226781676961686,2.449395847729585,-6.23211664786526,6.710309128493222,1.2514875944985664,-1.7682230246756132,-8.781742912659512,-9.432815939007314,7.111388613766216,-1.6735356099779306,13.481890828481934,48.58309137711441,-10.404409716358721,36.66778674526352,71.85078820357343,11.140061568974746,-21.094785222430847,-28.999079562878002,3.3752910055753294,16.55121129119116,-14.694948218910422,-0.9907138696809051,10.228070286004328,8.431432689145021,-9.26747491585224,28.953265006040894,-13.477231226441925,-0.84286673017917,-2.3276002475091424,-7.739203108825762,-8.62666024522706,3.2459047028717296,1.8284252900795233,-3.330473347451176,3.658896600010088,5.8425868318165115,-4.482550685109598,2.6387610034392264,2.7769543593727453,0.6525422472962074,0.7322764569828869
26.94668079515607,40.752411383723455,-29.67591927228578,45.26551269432324,-26.152643362624104,-39.163708145484414,64.73140840345269,-27.81932142010477,24.968955244748567,16.975839168888047,-15.643720572067823,49.49773958244748,-51.082986245007476,16.864698701001544,-46.92641747982751,-55.2219772036205,17.599245152163885,-29.03799813922648,-25.569992590818618,9.105522921165663,-13.331841569214598,-35.110956158588984,-5.671019432716081,5.368705432593675,-0.019018313584091895,10.486125041362449,-9.49541789767654,5.553050609635056,8.935343970150596,-8.082766775373992,-11.706761894610597,-5.709463549584248,-7.882800245171533,-0.7358001590577623,5.561555514407196,1.8194984753054961,-0.7835804837420983,-1.6200587100237531,1.0261670679722963,-4.008838704123888,-0.44912382798890266,0.8670839938319037,0.4988728025739032,0.4362688381481744,-0.6360755362572558,0.20853368293600838,1.0866860406692531,-0.8907556662741356,-0.417020675119998,0.21145921139842605
-24.075327928979842,4.234595060542991,-2.3401722865854753,6.558643678713935,-24.127906453911535,5.054537069383556,-6.985151126010109,-2.1574906937728455,9.267317145759824,-3.773810119876801,1.2776028505537145,-4.201103196255771,-2.339512491042399,-7.9898408612607925,-3.997877662924026,-3.5990625617360266,0.948733709524014,4.750138312530322,-8.169400558177292,0.08577307892754467,0.5915893056300182,-3.479817176512731,7.520551066504224,8.265492221078683,-11.301153647410642,-4.245513504623957,2.3351691664561565,-13.258928558550126,3.9481551339306242,-6.69570297017557,3.571905695638424,-11.243942069360164,22.860882033483364,-0.699339792893843,-8.271036090922957,3.3410744814983935,-25.18005789494635,12.244177166095685,26.733239741202443,53.117122585906564,14.712302193514255,-49.91133349456089,-16.883834748512164,-6.305048273256994,0.9841235352117949,8.315448062530658,0.9378408344022398,-0.8875112769305931,-1.0187188635548168,-1.436026260416409
7.689841396013919,-30.076612891751907,8.140980782067023,15.78799497814842,-1.8791096470620263,3.888701006386776,-10.554482601534158,1.7067093922713665,-25.4952828904661,-6.701441325208278,-3.388354440160691,0.36566588643511727,-8.37998728679107,-2.885011859129884,0.20646674111538316,-13.612403498974567,-8.415698564703455,6.520594399358804,13.45528653911882,-0.7216759651405147,-7.502023452468474,-3.2436803639712872,-13.808257391309414,-8.045738921564665,3.711395228016351,-2.4870614489359846,0.6763954070430591,1.7339213300947844,0.27450266168664533,8.685041369521539,10.032799661639661,-18.672385842757365,4.914448820654052,-0.5197971528669395,34.69419982991788,-26.840835744736296,44.00983051591511,18.031589460745828,51.22631689405143,-0.5058807368308215,-21.942026948834464,2.9392032929006686,-4.078724768667075,-11.604234068000213,-15.035308681554653,-3.860961306199851,-15.113505343779552,2.5326118038265513,0.4314460812875868,-0.25324159453204126
-181.73753878096005,35.20696967014188,-10.635220049658002,4.9981409529905525,-10.328056578551127,-1.6854388775668978,-6.754260719848062,7.656095990244741,3.2520542568710065,3.1837837498735664,-2.794371856685697,-0.7062542707779093,-0.6620732346821224,-10.620563964184186,5.633416527999095,6.2852320857751875,-1.5835483236064611,1.6976841532009743,-5.066958236616956,1.1150272018669967,-6.39938046959141,2.0927604956193577,-0.29189603064369674,-0.32289901350095257,2.087763897170835,-4.763316963186818,-5.073381626211287,-1.2151203514839048,-4.415419233792257,2.304238151364677,-7.19293315810178,-10.774269825230792,1.8938870940725447,0.6609381094146456,-2.5926816789004863,-5.089532846999807,0.6671235236036601,-4.218745261877132,3.529941635298775,-2.1138702025229015,3.137042509213457,-0.3927464044509302,-0.6331021307726193,9.27496208595577,10.054719299952655,-12.825181008116607,-1.436868545477202,3.795213277548387,5.890132784786774,36.205599705825364
63.124398318895565,4.805928036672036,129.7070566408727,-4.872475247144458,9.395361460162285,94.30426634166362,36.02359557286146,19.318418154852637,77.79943694749446,-4.932861555147003,-45.48774557096456,26.130937644870233,17.26757893045653,-31.992131415617887,7.408883587060909,-4.337939536720022,-8.866753147388852,-17.7106477183892,16.372597778257656,4.45428263751355,-26.96807262499904,10.700927382550763,5.6831346007415595,-11.679264971566308,-10.255673451993875,1.6753580421012944,-7.489933122723358,4.084435068266607,3.3193546721654124,6.666708121058547,-1.5677425750069334,-4.919941796610232,-5.249416056452597,0.817679158897639,0.28525891568949907,0.4395961732778756,-1.4911152147198903,0.0594291866393381,0.9257579701186345,-1.3976369188852023,1.0813198085438978,0.8611316099444474,0.8756388510647508,-2.3701642354441046,1.831092130530178,-1.9496266041783497,0.39531330185675023,-0.9591835846114584,-0.14663654652207075,0.34321995481226575
16.377040202586553,-24.93589559111207,-7.811150387226048,-11.995532083554114,-9.836574863060866,-28.49097647090699,6.758349236166618,-8.503654294007394,-13.740377109848751,9.614909029652882,-14.664947662195022,30.311601722490067,8.96644301930432,6.724997850426498,-2.9640609902733748,1.0566984022004908,-25.90280688317428,-0.8152637727962232,-3.75111233050243,5.337383090694567,-5.571330883121139,10.703347343021083,-14.850358084848216,-2.297438353626153,7.959156763748664,-13.335536053695916,-23.98339333182534,6.063584849405085,15.11035834062356,76.88520338732273,13.431751680836495,37.11997470599486,25.202245787533222,-4.4422531131069745,4.742471963076016,19.116524604857577,-2.0975096235696875,-2.5082045573633596,-1.0018607715566168,15.384527610220747,-0.8169545594524475,8.500498505273635,-3.694345764695464,13.681820433813975,-2.6876319605132553,-2.006455428323257,2.129258844703903,2.270923302592904,-2.0302519339500984,0.5897338994236171
-73.19188675665585,39.016140772829395,16.008174193915703,60.44484802428046,-28.38881323418055,12.330350653122293,38.12661609420557,-13.114683854570224,-15.65737225633101,6.824424704732679,2.9423627105819508,-8.618777472359767,4.312334676674497,11.31367521450042,12.199761374148718,26.738566116889476,8.006544693061285,4.821044689145893,5.106308862080704,-14.912949110409627,-21.570485843901604,5.481628059735592,1.7966805461579332,41.28155653807729,-26.119441251999447,8.874082543362764,79.58878045894792,15.093520950400125,6.898586269488635,12.068334855459053,7.11550985426406,20.005226015482677,-1.419567010115986,-6.688942220678192,11.117850284388616,10.33630394588343,8.441784499229772,-0.46754324993796414,-2.5524737349694027,-5.868770669453426,-0.018750093503005792,-4.122589939040449,-2.0306666799566604,-0.09792956795243427,1.2336421990530388,-0.9327449964589747,0.8176757302105467,-0.5990988257619063,-0.5985640478343155,-1.3713125478084818
-24.169762380233337,-6.676168137034084,9.28937413510885,-19.27067921460725,28.44077629352377,1.1096331159522768,-0.01614091597187002,14.015546044468499,9.67496521468112,14.05963884303727,21.471234717961224,43.427468886363236,20.0786694532197,4.4738880554021785,3.0307055282993836,31.352676499568062,-51.51852687183903,-17.721433680795496,-46.97341329726103,5.79937162641887,42.42397460219031,7.778406026383591,-61.150702205394936,20.003044480399303,-18.851248658320518,42.238196517701496,-0.3858522541629923,3.0204392657155927,0.7579272633622112,-16.31491172207279,1.6591889405214248,-5.095773884886244,-6.132321520225295,9.7222818863654,4.160295784693222,-1.3350991209950114,-1.8258380765257367,5.959361349300446,1.3576075992309065,-0.8014520676212795,-1.488582079887647,-1.2559686092352844,0.9420343518311618,1.3900161963643516,-2.5866436399121375,3.4683787920739224,-2.002305559786917,0.5303520735003601,-1.2313284835185678,-0.15215805988411113
-31.344393270122648,-14.63635603198879,18.16990601805809,-15.962295878532863,-2.8829837526279727,-7.111335587812211,-16.39586563280159,2.9727105864152907,20.89349864197812,11.36879043009323,-17.442914256777026,0.943144948410182,-9.401342171287753,-6.773933637042501,14.456477801261343,13.870155269942975,-6.403379734685024,-13.88141866047524,22.77651087599535,-8.997097112730904,12.735301712257261,-49.98551213454406,-18.562952628540266,6.836359963326148,83.05892215458918,-0.45695160275894064,31.507104559037444,-26.456798476966494,-3.4323782936767246,8.881732772407403,-5.049391907752531,6.838156877605479,-23.822869363284696,1.9324830714819505,1.7615230318497008,-1.5661230655172005,-7.340923512246869,16.505304877971504,-8.297798822460068,6.529471297093218,-2.546178097781745,-5.424226213566921,5.245259379432488,-0.5083820119191476,-2.734553468246859,1.6617372405563149,2.028992238232989,2.5182247553046846,-0.06802311491146773,-0.5047104495809918
-29.240971911096175,-2.606571872394486,3.1341131669240023,10.573505516831187,-25.412026079973955,-7.750018703684282,-0.3024961899582611,-3.813514585587258,-5.691012886618721,-3.368994762495303,-4.455526694596225,-1.5565283600701474,-0.8699795095698296,-1.1369765318300276,-1.2554436452915978,-1.7645584670049514,-1.5132021121668446,5.365596339646338,-3.743860243747536,2.9354356814892295,-0.6189618400559309,10.429376177573333,10.724109531781956,11.836118865007094,-7.655005303854129,4.940945742721541,-15.689808790409714,-13.898230626562475,-2.522945691813072,11.25665921973119,-3.710861702292107,-5.477261764634261,-0.057600193295689606,3.640123401186637,-40.5079444301575,2.700572519644821,36.63157882280724,61.212250927047634,-18.67691193346201,-15.168730786230409,30.446186793982694,1.7778080296464813,-3.4375130764525013,-9.257590680759265,-0.3946484562646414,6.45291142290777,-1.7954415973604068,-2.939139932022509,-1.0199962672214777,-1.0191758155751016
-22.00009772158398,-19.900315491595435,85.52434280196246,-21.844978985417296,35.91013195989529,-52.01495089474683,47.115000517641796,50.75281066426904,8.690124919594165,-28.832584609813395,15.664655270123099,-39.55567284141214,-10.257630981379037,29.577564201171278,10.702565028445013,3.0391428082402285,61.703110789349175,-9.823660223197006,-16.096923166334854,-58.340013344757864,20.660784262943338,1.6764398666804785,-19.012055248021454,5.960238511251763,0.7151714571702519,-2.595359906892406,-17.560962736234654,3.496138735021379,5.141208010722635,9.691213960905802,-0.4599080107306944,-7.988596095378394,6.814037424792291,-2.702635633525112,3.2140105416615308,3.885982201111318,3.994799217241066,-3.6981221584293773,-1.4910692718669478,3.1095568126740147,3.319932838044168,-0.18180626447713497,-2.201421138960779,-2.9936024988817307,-0.3228346617873129,-2.889137929212184,-0.32544354175522483,0.12060355696657658,0.18101428069907002,0.09549510583815007
36.002386462502145,-34.45095598186803,-10.724654299976063,51.61092158927896,-13.831187532342502,-39.102238555778115,-40.085075499487665,11.349458538846097,9.082136710306887,44.179424675930946,-40.08630037428032,-4.374175809116294,112.42298407694602,0.09920625422104883,-16.22334732967001,-24.282857704399845,30.8273046871019,-18.632241138757838,-11.363535564016567,-6.228442632362094,2.689654429392974,-9.623266890541299,-7.6956722210800566,0.21324033806160622,-5.224952675963041,-20.957251979346218,4.382244026617999,4.624342367999362,-4.126797639939561,-13.879488020882158,-6.495179473534281,2.9432238672524678,3.7132996837079295,6.7180991422836716,2.848734568295571,-0.4503840819148948,2.320331867279055,-0.4297655661851527,-1.643325509521625,-2.922268050667875,-0.5645700028124324,0.7655985327178577,-0.044506231223090165,1.4533399719352054,0.24390658222244782,-0.39877020105659733,-0.8277773154599146,0.380942218576129,-0.37027413035139106,-0.1841235866372983
-66.69504146265987,5.640888180625794,12.076774459711833,-6.984116907317724,18.453659767862103,3.1665621001392155,-25.79271569327843,-9.888623873754545,1.5356871295377212,-17.089191686244522,5.205082997730883,-8.702125272144924,-2.986900369211959,9.687561393213121,-13.262866314991834,-24.12724199389176,4.941923984378457,6.607424610024695,-3.338165515157496,-0.7025410427779265,3.139454724345912,-4.119143178412138,4.944941062661531,0.5831140800501672,-29.602590107685057,-0.917529421206485,0.9193457353111171,-12.216107265781197,-5.130775132630577,17.222757213666473,6.0535086147539445,14.65542360715883,2.549117216911812,3.8422143425994073,3.7707183692763153,-13.140079744307814,-42.31046319325984,27.7645873290797,0.7139606890574134,-14.529059748068121,-22.919965738102512,-6.439148098119802,52.097655014587154,-18.630403804077048,0.867608981103794,-5.633080133697706,-2.0949899681604736,-1.5661135278679779,0.17357502654960574,-0.008694268810006595
59.64754411153894,21.35520371391812,-21.219485848237404,64.45859351695206,3.2843941698400476,-18.072936552710924,41.525902076632086,-43.159637198404106,28.788873645763044,-42.18384108025057,-47.962442095553854,-43.068930978876445,16.02049349301159,23.025686798830215,32.84987627117377,-2.779059961220681,-41.422841247691004,58.11779493312665,-26.60479080098119,-7.774939214825598,22.83693337279784,3.5205714755441972,6.208866010492828,-33.99144784368887,16.042365292448498,14.429741225889563,-3.5658986128875396,3.0284244084681964,3.750491108757654,-8.055390437372466,-7.0100316051144755,3.296623971446108,-0.6724972106067659,1.287313237802399,4.357468041514538,4.547129084216026,-4.086971184457747,-0.4922259162556582,3.5256841768910965,-1.56703541278793,1.6345594153708136,2.6519182597018354,1.4790661045393196,-4.370157303488333,1.805843422866217,-1.4726157412352294,2.5276368473878,0.5113334736625832,0.5012200129275981,0.5916840863090415
120.98387773807991,30.683379411325934,-100.49660306989382,-83.27444542372976,9.265325451800297,33.95617207289358,38.19021127990633,8.08118751989213,36.34042947526736,-17.891217312163022,12.509646984656019,-21.206978660993187,29.95439590426898,4.109628970603017,-66.38118522465015,24.653503716890413,7.802259144837581,32.32830541627407,2.403659506440272,-16.86053264578431,-32.99740103974951,-0.4242449688613939,-22.103873093965202,11.39396989704631,7.708010730156087,-1.5391720135553244,6.188267814716761,-12.921689949046108,3.3610582819842363,-0.003864992194025807,1.462047851495519,2.0890804679292967,7.35091295315839,2.0819529546343567,-5.5056079934419335,-15.314956045928483,1.143523804252452,3.6354902837012673,2.200301956803916,-5.407595102181863,-2.3848310071517402,1.0602944548729805,-3.3542154320511957,6.046344986066574,-1.8163814043855975,-3.2084136694627956,0.9229108766800048,0.3034122026237183,1.1290364723285333,1.0439075944739282
11.693340622730748,-40.40622538269043,-3.5883778115292992,-57.29490207260996,-6.111765236087675,-42.140803665116216,-4.665097618787942,2.848324525568219,3.0547290520723447,-0.271104703809715,-17.77946201393906,-3.785082473327602,-6.610835282354461,25.693487825183198,16.195024937309945,-8.617223538947433,-37.317836841907905,-0.5729854668849088,44.16917826468466,-6.059317768343184,-23.55211847701568,-10.423537713948036,-16.17977109657179,1.7924360223638927,-19.194468999142806,-13.83323760072911,2.2522565440213103,37.665481173804814,8.506090052808412,-33.32196595309575,-5.551418522163618,-12.56014143650547,3.5917227467721085,-46.38486559915617,-1.2848006664800196,13.018272134121972,-8.37417693441718,19.864503449738397,-13.695387527953189,13.353352151799708,-8.34827983175767,10.876758539397628,1.6680061682118836,4.0721616652098405,-0.010857024232620176,-2.762679939854648,-2.618040926531962,0.6564928699746494,-3.497241820443267,1.7080783702751574
41.95190713392977,49.57208746854537,-43.61999580378302,3.680259487873098,-27.969564080933107,-3.3046346203495625,41.74173761836005,10.919914591315175,6.7356896382125555,24.14639455630715,1.8300266423386546,-7.224668268696472,-6.0179924761398,-10.226732332256466,0.21867954172895435,1.565936828675535,20.710250062451912,-21.387032119417626,67.42063528106202,22.51583524552894,71.96811381973173,32.513893279083696,-17.695650307353688,-34.233050388315405,-15.791386354143894,-6.343742617385375,11.752289107186783,-10.44857062095596,13.342203789145545,1.89399320705297,-5.02216736460062,7.717417815898442,-0.03711416695960105,-5.168956080838896,-2.4893241108993944,-11.011635044370342,-2.1695671597929835,1.4676644193517006,1.1990223898089754,0.5196505510524124,2.5386233737675337,0.18022588246255386,1.1405539056458658,-0.39924522921458533,1.0963901649516914,-0.8213001620973257,-0.8637887955864686,-0.49016274659591935,0.5410682596886085,0.5024875080427383
9.246676856412225,-34.50130121934857,19.82683518324318,3.5450797008009545,-12.479376168909548,-21.354267931747646,-0.9298213109252688,6.4576749647796055,-9.230345102631231,-14.438231071189547,0.10753185013138247,0.037952900487583166,-5.428165248286541,7.993877221669801,-8.118902844369234,-9.58720036766366,-14.142693598918486,18.904489577840067,35.86078852977468,-5.510244903762879,-10.017122332732859,-21.525452022422296,-3.0516475549617184,-0.2119809985075698,-38.37290988895821,4.279588360653965,-10.720808990543679,-53.03745900695213,-3.1022389101603047,-20.208933418005223,32.53408969698846,16.329865335893874,-24.775870129307506,38.52807500264734,12.687179180727334,20.361973083407385,8.894417994709517,-11.325025336493862,-13.31184995542167,15.566606982667995,2.895568757517286,9.940712256292727,-6.515057199439221,1.6706889480772176,-0.5650250223100435,-8.081825680109679,-1.9984495649328209,5.367610053811922,0.09122985457228128,2.109539240612291
-96.18701314652014,31.437618885951256,-19.807923966069122,5.098730355851937,-15.622317198358635,-0.7535466824899577,6.669990682213898,6.746423139181173,0.02805497138978928,6.954327722491099,3.025097710979028,-3.453269845493112,5.848341627866012,-9.620852402551835,7.765791655725648,10.739715297062041,1.131011276406971,5.028952339082843,-4.075864647377766,2.0976726604223987,-8.159113945560023,3.3356212663298885,6.325093984167036,14.921892212820493,-2.275122282885246,-8.733343027460682,-2.0153363961066497,0.20193300189971042,-4.831641262911445,10.720086802914736,-11.225343240252014,-23.933677920470124,-9.21906564442668,8.83745349685475,2.8982997901606375,-17.097231413742513,-21.4662293488988,-8.467537395564028,4.3470311067916745,30.07596813814979,18.162157867502476,58.20376348967619,3.4634549500183045,-22.63701393173488,-14.001744127566358,19.046154651543734,0.6810897247156804,-3.5973222464063697,-0.30821575912136445,-3.1860693070171364
-64.59544957366467,-14.957051770608226,12.136413404152806,-8.79464502634194,-31.532261059425128,-26.523917134321696,14.999695480724018,14.204774899483654,-24.536572673865532,-0.22568364366352694,-9.22516842962791,-3.3991684615406412,0.9397880603692806,3.929589255310598,11.585104989632674,8.09743889246915,-20.690621414758944,7.8251409237297915,21.827738308812084,6.029988457362384,-18.781677309199264,-9.156539703706308,-19.08773855503997,7.189235950852009,-3.4896150302776885,-14.404846029778069,-20.00384731519077,14.915674445754977,1.3767165627559816,4.9278749285560695,-9.270421138838321,10.753127791024554,-16.431252594567088,14.210793612040936,-26.52331134884144,-16.860240879039463,-20.755788888406983,-23.87061085998827,10.611862340879311,-39.4645678566318,-2.003839325046217,-23.03287639340301,-25.14975125783855,-26.708887086402584,-12.559175669840592,8.59699280354293,2.580446728480796,3.908156413224421,-0.7540022499222286,-1.970733935761425
13.096475254421177,-27.89579397338994,61.337626720167336,-25.98808534193777,52.00430099090817,-19.45795605477141,35.94888203996843,-94.91048792330764,-17.3074322239161,76.16824774008423,33.71059714724306,-55.89000212241111,2.226739530331296,-48.51175701908204,-21.20179888835999,9.725562846393998,-15.901391528524783,-3.0393876273662688,-3.5510887907267055,0.05021346668478987,2.113274045307608,-15.669953700154645,11.195494782992162,-5.503266781719079,-6.40399942315129,-2.7396471311875907,-4.749445089626963,2.3962737083586343,2.9755614371165158,1.0702795509353238,-0.40321750904541276,-5.765237060628446,1.7112304345771132,0.5871102070085669,-1.407070957260573,-1.8751942165033113,2.597730001670292,-2.6052829704417126,-3.2853224655606312,0.3959473312005647,-0.680001729677416,-0.8967524696295013,-0.5142046659431272,-0.6153007216754074,0.20447099507477864,0.0030592618959033465,0.19071899097699754,0.9407486956807658,0.7359251836861102,0.9684746626605545
119.16239918133287,-37.04198826840366,-27.48723449849367,44.69298994486447,42.71471543759008,16.372310352299014,-7.622728835442844,97.18186387391825,8.223551763889427,76.56080463060854,-0.9863298782450414,-23.613621285930986,-50.379207898712004,-7.742644455839188,3.1335739141827696,-22.10573202110023,-25.76892587485987,32.67331307886589,-23.11830608909119,-2.5419667582616947,0.5612448390153895,11.136638098106157,5.43039078839312,9.74672317553609,-2.5171184201882912,-24.832639380656417,10.816796879653518,-2.6990497844115224,-1.3687541641291925,1.2258657166519686,-4.166530948057894,5.253168216356256,-6.208346074042007,-0.39773425864624146,-6.360336668726359,0.2755767711878438,-3.3818968536286094,-0.5870239514987711,0.4650793116526363,-2.4613902241005685,1.931397449382707,0.4163599873034016,2.235305362349044,5.1003585335312565,2.3758365723007597,-1.4003209787155795,-2.671339664019384,0.5281152211434337,0.5977394349742979,0.49591037861945925
37.807013091675294,-37.42682370875926,-6.53118777554747,-37.79014089218798,2.0005112733517185,-48.05205699569906,11.091210071548916,0.1939026930026015,5.126816403256071,-4.485228350803801,7.008401214592041,54.329370130945875,4.464653711329613,15.264443668411753,-7.024230491655485,20.354685924998034,-34.838934166707936,-28.87177122579578,-8.23391187855023,-47.88279386400847,7.322122436099029,26.232841621990126,72.75615059450858,-17.76813951615187,-2.1163082541884726,-12.285886268418764,22.540794947177446,-18.438949405103482,-4.945943239319548,-4.385582444451369,-15.130922139965799,1.1300621028115634,-4.428333282231879,4.744022814727544,-1.8953494426074349,-13.381518499736128,0.0974915067882738,-2.4794258802759983,8.809272518095222,-5.600904769611777,-5.535570258691437,-0.9664506481325064,-2.467664270648304,1.7389857719811765,-0.7740779741018982,2.334204677784109,2.2923893055255498,0.07533087409915735,0.5199860547749234,0.7961381243177473
5.454423809719271,-12.947097521320833,-9.167875125266635,-22.77595674945989,-0.6558460368349687,15.13456740888347,-8.867317245675899,-8.522694491463868,-8.137138353375848,6.533071415093352,-0.6155851962331219,2.112274645492476,-1.0630628472103696,20.51759516458123,3.2573506606152822,-4.177200191492465,-4.59397966838346,-2.043116292073479,5.637977219298566,1.2458854719131118,-9.871446153405243,8.67067769379156,-4.981811802522573,-5.488238361846475,5.603477989469837,0.7470682445681036,-1.3765890845772324,-1.0256186599495494,-6.331611319020912,-4.021955497228224,-10.50967935301227,-0.4020466201602419,3.01435399682508,-9.95684248175086,13.658663491550955,4.556191415179812,21.89048764881593,-31.073742558697244,-4.265784929743606,-1.541806405832484,47.67506217112374,-22.894493379673953,44.83068544986247,-3.089310962605798,-30.964218453606165,2.6178617831286046,-1.6414634602493958,4.605516396767128,-4.787468151209425,1.0091359150600663
-87.88413566515113,6.8824648063993195,-6.285906168686909,-9.460852258715237,-2.705571475857855,-0.9097953899332182,-12.629778580605029,-0.5428728360558119,2.822199310461048,2.7026257738590083,-5.1154844202304925,2.90931125384654,-4.265490326313529,1.5991997098810045,1.7053708754327885,1.2427274559935066,-5.356260129793309,-0.16827574727357883,0.5080728691756304,0.30058387235939776,-5.039854625401716,-0.827680013019023,-4.795297599779259,-4.373037175256849,-2.4668978940753044,-1.0153114808796735,-3.4009421713462413,-1.045130282189103,-4.2428894113261375,0.1796518799366227,-6.731184093589999,-2.679561516453403,5.683197134267792,-5.49041922590441,2.092512730969364,0.47553101339066317,4.798150816014194,-6.671672754019987,-0.9134924021813902,-1.1571666075814326,7.376999119938261,-0.99985377572524,1.667051436876586,2.8739691189008374,13.091613285007487,-9.841230974176593,-0.7081371297981384,2.837699368096292,53.81318004430199,-11.334542779302545
-68.65131403743338,-4.526783093272937,-15.376228995961082,5.450709405996691,27.255771946200717,12.4300978547011,-20.612988784726376,9.219223544575659,-10.921456467995867,0.6330983605683437,1.1102348596073985,6.568995434517072,-3.7611625655797547,-1.6325658603325752,-12.34657465506069,-4.012504342214156,-5.725762809170684,0.7095147173865701,6.811920383263458,-1.923693295839578,-1.0442669041122874,-2.547361054948717,-6.262920320125609,-11.49389881407787,-1.3374272828620624,2.4480016213213514,1.4211766867762061,-4.484111015139261,-1.8783946854391598,3.0192245610598087,-2.9670086505303144,-12.57334037650351,10.705670665517733,-7.894565932820983,15.640734931775905,1.472363195403326,11.812295295467267,-2.9844948628369865,-0.3723395906719908,-4.314589925816636,5.339299162655771,1.1652588372191508,-5.997116901374524,-21.83402463172316,22.230834555312647,-14.100020738068832,59.19400704752879,-0.17509877452820735,-10.268072482054029,-3.6875052549956813
93.05505857948755,-4.127079188506469,-52.59902173162192,17.76348999681008,66.35553217050506,7.802725341304862,29.02099886689298,-13.502792731934528,11.708171203619791,-9.869048884337728,75.94092271637153,39.24894284387699,31.66111361824441,2.8977945248680297,84.22824726334395,-28.778320727740912,15.881526259572055,0.9016596012509326,13.571464293101668,12.37926733065725,-17.222776003008782,-23.709263752239465,3.3330474776893144,7.042973914860324,-0.384604670549904,-6.036235813079431,-2.5797642089904262,-8.082913027679329,3.334837899875315,3.414519604269016,3.8473997629875663,-1.6947571496716958,5.014505289194215,-1.566694163287652,-8.073571117853222,-7.544186200036425,-1.2458031721486393,0.8187099225118629,1.9995245648984634,-2.9743637414098107,4.133091198568199,-1.1989152515901849,-1.4338896952020361,1.0981069803442074,5.393938218025056,-1.4491951514702657,-0.09987427905567184,-0.22936065678220355,1.6933748825757073,1.3142525975679895
52.473722465706224,-30.9127152210249,17.46777660991454,-24.316255060645517,18.306003216587396,-14.667232677123614,-19.156358532082645,-47.25268002243204,-2.7830853696142905,3.318947190034175,-17.408448923318073,-2.3234921521426686,-7.396199467314037,27.16205041328684,2.949986564086492,-43.38392771895993,14.792101866558552,2.4078798432438053,8.899394456451796,18.412243393398956,-9.526716034650995,79.97061276547292,-12.582719323698926,36.40599887967682,29.26350092314535,11.674890910288461,13.750801042278791,-12.60773706105793,1.5386972760213704,-0.8485863194416763,8.211193012423497,-24.466137355177892,-9.219859649732424,12.320568118954782,-13.208239592692381,8.242873171368258,-6.405979973290425,-10.043845688997086,1.968797758270337,0.5652808271511446,-11.265129431796145,0.9688652170688528,-3.847263056306044,-1.4486970909251062,5.284924264615703,-1.9404950132200485,1.9786666834561468,-0.13285756294458836,1.3777244243924274,1.4564867358381786
-124.88845531318665,15.52949764159978,-5.618056923472937,-9.419801838761915,-10.623644262906115,-13.740509283098822,-3.3322077534880976,-0.9357006016163569,4.654935940325898,4.607880608386886,-5.939842551807724,-3.018016374548444,-2.9493093931377534,-6.196259270931817,11.13712446008865,6.045791129577753,-6.215795665929975,2.9808857480959525,0.9893196503968675,2.6718858938962944,-7.030851836289961,-0.11291406872639317,-1.5841348412732368,2.1461869745406057,3.071542558060327,-4.5081540139556315,-7.564159290125595,-6.186477613448422,-4.443738489445737,-1.6642667886431124,-4.891993921747141,-5.579878720472249,0.1402033936103308,5.832238299787957,-1.6363800692681556,-8.486220797592695,-2.1146136570954392,-9.234326458473607,7.9003882044191425,-5.367494107363617,9.574756007982328,-0.7420219587769603,0.8858996256350576,21.369780795535668,10.782218221160813,-32.50659136958934,-14.48437859873645,-45.28207014122568,-13.96429063880619,-10.084508427419005
-88.2380982303713,4.801934388417127,25.668254511282118,-3.0383537230693394,1.9687502801936598,-4.44730005389496,-11.45041288994736,-4.5092839770799715,5.731122313038358,-11.911890144531853,-3.175609263774598,-12.400542675968442,-9.545970568093615,3.477520908190039,5.919490071307998,-13.578520583391388,2.7440435628899897,9.74574410362521,8.306614458232417,3.882345502006691,-4.205624168345005,-3.26767278504242,-7.6204220904875735,-2.1882129488249658,-10.534377416239884,-4.470511216589784,-0.8287313959362875,-4.5760240400259535,-7.995095022387678,-6.187265330372196,-3.4408941866264113,4.992444598309761,4.387339259401437,7.457142479201106,-0.20129448737065217,-16.569126975941877,3.339788448643403,1.316640560705361,13.359183655871949,-10.309515547189227,-3.8635003794385097,1.8421011119266897,6.126614339765429,55.18288501720021,2.751185618409644,43.99604802279892,20.163701013064316,-1.425147162692123,-1.41846378934536,-2.568199513179754
28.552442361977484,-13.23909111844768,-20.77384301654368,-41.3609018589767,-1.2402352023279593,17.79532993792478,-21.11249770302792,6.440863458628192,-0.47367725255616616,-16.91334713789174,-12.176410989411774,-0.9477323818564406,-9.03766471865419,0.47310044402081736,-2.085506480700615,-15.294763719904331,-2.539272817478728,-0.9919666014927189,3.4605039531183754,-1.1838681265956494,28.188361697501275,-34.93409855526477,17.345655549699675,-9.241125677326798,-4.641435437688162,1.073736909713752,28.202485084851922,50.55446441126469,20.647762170180656,13.525231364364453,24.62753216492056,-33.936174104062644,16.29035372368057,49.8436275238585,-20.949328287080053,7.296207580319304,5.268760937516747,-8.810192763734335,-5.4900904011072855,-2.08722569830342,2.201464242556838,1.1795421541454607,5.883408522344442,4.3791887277488835,-0.7111058406294241,-3.1222209307677344,-0.8724263333437468,1.2017732462865527,0.26094276369339897,0.03818190457003949
-47.039705116308724,35.2973729977073,-10.54158305518392,25.671490238331724,-16.80309645286984,3.388011617522298,11.809030257563798,10.105277318294707,-5.925063395573354,-2.7927634632594684,2.662243174480626,6.271848149387052,6.288067975169367,-7.2257299974942555,5.649212736652333,7.862024918983551,-4.607816057065455,11.10507120063986,-6.521618388486875,2.6480858457166203,-0.4140679846569795,3.88741806155322,4.0558128355167105,2.4602466211696594,-2.8647098535620747,-7.461869904985873,-13.349201171790414,-4.079063883576812,-11.968384253092637,11.557355170791466,-6.022985233484308,-23.130984429781698,-4.590117560824878,-5.817836108505339,-11.655316905933795,-18.837332806807318,26.613136413442408,-16.812461004660616,-48.17831956464468,24.533215039315408,-47.56659732537273,-20.617416888035628,8.695832083047312,-0.15653541421972939,-11.132052114892677,2.9739021504656034,1.5707001402105758,-1.4604193330815207,-1.849402879232266,-3.480472609907748
120.9032133730115,-22.121604519026114,-46.748237673393646,-51.995429812046716,-63.532204193843114,1.1146047603622158,1.6418734216532755,-2.15661349735422,-37.56046252366343,-25.76038906762855,-29.2499249711781,-23.246838872184092,-18.012612642404285,-74.1267281516418,46.387371920580705,-21.248967392891576,10.931656359056904,-34.2950625497511,-42.8063204888325,-16.92727087374182,-13.343484889963404,6.25072465414369,-17.492569261515722,-8.929346153664094,-11.313133259017652,8.531695611593111,10.310329522122343,-10.434563601484601,-10.525633847082494,-3.5573394994511536,4.964216084141788,8.642723805644152,-0.4450706371039713,-5.358104251584466,5.690741131742263,-5.263171754925412,-4.0143417353992445,-1.5813809634384985,-7.359888010187684,-3.7235242598032854,-0.18356910378982827,2.733729170179217,-0.18693287483314835,0.4576758320354438,2.2638723070598425,-1.219865566474042,3.6953186131107003,1.4185810534322092,-0.5041174748006139,0.5137793854817757
5.586908299231874,-36.658132162624796,46.055569949173815,-10.559365338510561,17.996821317660462,-51.777020124881766,41.43987270379413,57.805336968072,-38.11212978576245,-48.344421822644286,15.471297782639741,-5.548841231416846,20.413415954346483,-17.653367698389683,-29.08268930449478,3.3270613014219723,0.6802262030874762,4.950513714984713,-13.92044538328013,83.05869844664524,-9.06000391483612,-0.7240659138353704,18.93879410773913,-15.28014156529676,14.477632151984526,9.034621684403698,24.0643846618475,0.036111031119240466,-10.881111498864213,-3.214613001826141,-3.1652638956131574,-3.136960345952279,3.391983584939556,-6.926368535082833,4.97078110529872,5.1014803214300635,-4.78794769734744,1.4629563058457302,-3.227541230890811,0.4056799837836469,3.7553186289863523,0.4348189534200095,1.5087854137246803,2.4840836605716814,0.9205136438839853,-0.9684081483010398,-2.424827491312482,0.4383639662796513,0.6870008071000279,-0.003003798049559994
-58.24706137012427,2.6644282220535564,14.544065600407638,10.593089662923477,-0.708640758682225,14.684207225106663,-16.69472727420194,-0.22140110751988712,19.308225103589386,-4.079470207062926,4.081194169465808,-0.2137712578198655,-13.541137203945441,-8.398976486913769,-2.6513091067445527,-5.169969624898618,-0.8061842910418011,-4.9310393051395005,0.06204620730249842,0.8365206661241792,9.520986274029749,-11.782759752689678,0.8731378398923479,4.624104476707557,8.626662818257033,8.383818035282193,8.154957071170836,-28.43567452454398,-6.6608913373999314,-25.35970795288051,-4.731394362565095,19.024267471924766,65.72537460122216,-12.146624625111347,-33.03602484729493,21.395200564865167,8.177377380227066,-18.773536193111735,9.000231204283251,-10.011861826793336,-18.771115253303773,20.533994660674985,-2.5373677151883784,-10.947797404809787,-17.952541731179366,0.3731528715847278,-4.546703222761622,-0.34304773718414705,-2.2979551219392316,-0.49628947888776925
69.85741867551836,-17.536981030589907,11.746156740966684,-17.26413758559927,-41.856857840052825,57.75724848434578,0.8457989256611192,-11.803895679508788,-21.46286531981594,35.40655819754684,-2.7666523278242123,-25.255539554142764,-9.171736707022102,88.67442831283915,21.561321057058528,41.8313161291867,16.673231979737448,-30.974746832089025,-32.24659941783955,34.17739970975102,-13.324527772815939,-13.821984630817772,2.7465574473946766,-27.51234972896695,-5.368992847650033,-12.41270085067723,-3.2155256404476753,-17.636374144706988,-0.6468792807030869,-1.28130415583761,4.75119632402254,-8.112263476501926,3.0843212293647224,2.345981878049466,-1.1594062940240202,-2.8937744960882257,-4.857539881087049,4.056719210811562,0.2573904673982345,-1.4670276930240658,-7.567832345570805,5.378170296656888,-5.034536826261522,1.6344574353900934,5.4048355357096005,-1.684812352207914,1.2548120062811698,0.4733834782537981,-0.9960127892026144,1.0076667405021453
16.787818839158344,-25.506222573855027,-35.71540272514177,23.99814308159924,-14.417333036850788,-7.4354178536996915,-11.961437701165844,31.766035325917166,1.592449010720232,30.925524087203897,-3.6451175278588037,-23.302132630003566,7.58829573131719,0.8184916297891998,4.375425479073238,13.974940369710634,10.650788779408607,-11.255043969067913,27.63167288661315,-6.612515769894554,-14.197191066374343,-3.4724693335089483,39.3434576741822,6.583400523934543,7.101289604198745,91.12894999325098,-27.289767598100042,7.81998776678019,9.099554879196806,7.62001452652886,13.829722860037352,-1.6383810413911906,-1.2800458932054595,-12.283011317892553,-0.44273504827272725,-6.838773657001952,-9.346109070618251,-3.240654487442108,4.398125587334464,-1.5558875858595542,-4.150535023629974,-0.9258782252248344,2.0482470114617244,6.99915391091795,-3.011504360608391,0.17419252099162633,1.9818276721730976,1.3932841388291086,0.43905225090090344,-0.2079102570044136
-50.78721620104978,3.8592558639177037,-2.459867425630277,-0.9660489001654292,48.62060533038884,27.33018682754763,-38.75783937269951,-11.699545876625741,-0.06712825449547116,-5.4786942169219275,0.016114371406124192,3.738157195855149,-11.466373064830018,11.115962378450272,-10.562256743471035,-25.833836187033356,8.247607538324957,3.611729834819775,-0.9745994610694284,-5.0748852596046685,2.5055557515947826,5.932341488185782,2.5709397003574024,-23.33655747088954,-3.227334583308142,11.260271990451859,12.476945271468296,0.8354657359041967,-5.478602852674728,4.984973248364196,-1.8833930330845694,3.6694334540350573,15.348328700985956,-2.4258744384318267,36.11822581606185,-15.85843819980114,-17.28416208634472,8.939231164338363,-39.57076899411216,-10.856169121112947,11.177429977284769,-3.746106511155552,-42.1076676371757,-0.12497618149762033,-24.445108237704314,4.787062462944487,-10.706050880861557,-7.254744610880398,0.6896717734190574,1.5810095632584913
-24.29600323491803,28.047190935608942,-42.17481700639823,-15.023897875317639,-6.418738528060394,27.161245438959472,6.038046688409396,8.402633606981702,-8.286836340906177,2.24747556999748,20.310699985891677,-8.895154255114415,8.100337441080613,-12.769373194429427,6.911407352545168,5.993105255446039,7.318714340808156,-3.2940702095620824,5.9847494899056946,-2.7023769410178975,2.0034370259199505,6.4993689176092015,11.675545088016523,0.8980491155255002,1.2702546759442164,-4.690820921579403,-16.335463922925115,5.431460386042896,-11.719495715386664,3.8004428075152425,-38.999193279037684,-14.719959035809316,-14.65277525246615,17.613662312487413,23.72155483686005,67.63552706861076,-5.063031879571425,14.266620397962136,10.312388300189255,-11.13302306679045,-18.807974487483815,-5.76924706968496,-2.5512319525080187,3.0120102636179165,-16.003330421880218,5.61352050812553,2.005508215350554,-5.3491389818808255,1.1223903016390306,-1.1556461776551503
-136.18577034860226,25.35872188771379,-16.061336578150897,-0.930780036405907,14.446750364395182,5.1802784382317855,-11.048947103638183,8.57007074957766,1.423362474831504,-0.5300030274075067,12.909897092482472,2.3372475026462207,1.3906207505216284,-16.362881218188196,1.695399181826634,7.7835757673884025,11.228505022458833,-6.356032616971021,-25.002662530216202,3.5651941466317707,-17.04962054593978,22.193364958229445,8.206245342518605,-20.74479211401676,20.539494459312063,-16.213913892107836,-8.824348153505607,4.703595558827867,78.55621338598702,-29.98565055366112,29.684977898096747,20.511608508049637,-16.66783160826201,-1.364848411807979,1.6161691167242425,6.052004298709291,6.331268701788824,4.557591111616245,-2.0080126954919737,0.8432990762349201,-5.913918377597173,-1.0127453627381613,5.0315143912776765,-5.71436124367847,-6.712864635107267,7.192814008471688,1.4493880665565975,-3.0214398937121016,0.34490949601332316,-1.9356935041920358
-136.77577753788137,38.99238337236771,-10.49728272581521,0.3421959100514579,2.781465922867491,3.7738083901071793,-7.952962547473964,-3.809370924480417,8.593410385674984,1.0149804724346476,4.622151770968821,-0.13720152406316444,-2.8740632273640454,-7.271498104092681,4.319743046958487,0.22006382217489204,4.924633610755233,0.9617019897533597,-6.112468093700486,0.04762677699776601,-5.511100908532765,10.001459844253295,4.2021106114559394,-5.3775885437426085,1.8676255584252668,-3.9553523738086738,-4.658420129428887,0.616327553467775,-6.5927753722559235,-1.8859491885056694,-9.794442431088205,-7.040200875751398,-0.3341501804940665,2.346263281179979,-1.1538321459657037,-3.3278773523561123,-7.11590240705281,2.187662934313056,1.1032960861937096,-3.4933796611253856,5.4803387489773225,3.5813885933439518,-5.287316712181169,17.84784223202844,9.660863847788974,-21.717646725901623,-15.11712597708034,48.3592509800772,-16.57171004906513,-12.376406996191347
80.88955705605692,-18.293600620221117,-46.67590202962136,83.86013723578921,93.07349436442298,6.13949342002889,-20.24096808005788,-17.83193724176766,-17.77706641186744,-56.399392209089434,-37.78555813801174,-18.105692675336414,-22.250485133676634,-9.677807074242446,-16.99881264120904,48.24964723027338,-3.381389595444235,-56.27099883075199,15.07031089873173,3.931993597655627,-5.054265886265651,-0.8971794222300448,-4.811104059471971,20.157146672985338,-7.945187947318284,-17.69382725996737,-12.595416652126927,1.6862795657471548,1.9420151144218707,-0.7848887414029061,-5.850180169406373,-1.5101364295281303,-3.9048748188530635,2.0168120409311237,-8.653124528060122,-1.0702363873622707,-3.0364607666916124,-2.3062129097071575,0.8261932678605988,2.722918125950013,2.828069840754588,-0.3799210715340166,1.7081409130357412,5.628417001636619,-0.8236336906407279,-0.7677197654296946,-3.4598614683146063,-0.04680947022753348,0.609874235319736,0.7196935699224476
-6.978892457811386,-5.6715212138802364,5.19200348875866,-26.557306480827318,16.16742401019819,27.782224509512936,-12.503888835705625,-6.488061225786276,-8.100059913342292,-6.270946185016066,13.385810532272492,-8.495710313822357,-6.773915078816728,15.472646058065743,-2.8858418901070952,-18.43552713490256,12.532110732084687,-4.650319150773154,0.04085469319522532,4.4467021354581595,-0.5284979091741534,5.972511030342323,4.401558709524532,-5.018831437416733,5.441039511316959,14.876086619424838,-2.6778216293757593,40.98706959202641,-21.528350945693884,-14.864066139402897,-34.92503654217846,62.401495744146125,-15.433248492201951,22.9963679557112,-12.496662264808888,-12.38638647415754,17.620958362519204,2.8257479985252085,4.808011425782767,30.923331958918684,-5.218147907741545,3.8796746828077557,-2.5432733126883913,-7.131321849406165,6.619666180671831,-5.81861446930117,1.6948275595317543,-2.2338682242291616,-0.8245488243885616,1.429205305048636
38.15665839499371,-33.28820637259875,31.677893556504547,64.98344771514613,-31.169237455657232,63.17708441624722,22.7607767415677,-2.1354294180733246,-90.88134601701984,-6.590222821681921,30.580120850673328,34.45439758966224,10.104736965216002,-4.117868425184517,-29.369994348147422,-5.994109864735191,-3.447662028754962,15.60020884668692,13.174070749340625,-42.61364254778379,-1.7962490806488896,8.877381202712979,-18.532655171345546,-22.775134903660057,27.22753691047131,0.3723268384973309,-6.944212921579059,9.245449390232908,-5.686813209740067,-15.11334128904328,5.781517384372867,-9.16826938671836,4.776479053982096,-2.7517013533822037,-12.692525507059294,2.230505932407715,-19.636995333785787,3.0511879647810436,-4.134922806241959,1.1877331027905116,4.124014977902516,5.87264709354007,7.430006539817834,9.1830619708136,8.697885412339433,0.05931000836325238,-4.130186787032573,-2.1779104462787005,0.8831993736773757,0.4406523754459987
218.3492522017775,211.01048316169226,69.81575433507271,-11.2025940142803,5.238229024814888,-40.83261543083333,-56.0763487773431,10.48119444614811,-33.246138761769956,3.506186694332104,7.516715676647404,3.7225904640569945,1.245389488600863,1.977566004797003,1.6047032709340223,4.3601195622459,-10.384174350572387,3.1320352573470545,2.6160980430618075,-3.698775421128435,-9.245762425031764,-5.754787189262319,2.8181145032075876,1.2748043865778373,3.7441333098638085,2.9263100616779267,-4.225521667134115,-0.2087487742454807,4.498645304690165,-1.9098694348416734,-0.8476988110970723,0.14329927481828494,2.3708529125876483,-0.230972873553761,0.18311616502406597,-0.021533398944514164,0.35363128701937835,-1.1172827287719553,3.3486621599783883,-1.703651009318858,3.1188226551337572,1.091256790371218,-0.8264353374878778,0.07748266963678335,2.2699305469577373,-1.2159886230048638,0.6672068161073933,-0.6765224558221333,0.4202203799141107,0.7170937364118597
109.61260479423044,-58.831646675365434,21.536469385046292,56.71570545034402,-79.39741456640715,-34.45300426892939,-55.5301826128663,-17.538231089827544,78.67798483126394,-22.448202834885688,76.19147140976955,-8.37298964804189,-22.24752811059907,-14.299747315683623,-11.924054540218025,27.15641160757152,4.042315528030023,3.0635841815450426,-0.709276233431686,6.26437742878662,-8.829196425081243,13.483268523637548,-12.8036844695223,-9.766843136620807,2.9202981257623217,-7.9646051270032805,-0.12934332179141483,17.425496606972775,-1.7094509004291392,3.2446272871189605,-3.704860470171258,-2.2479295755015865,0.12269560581008696,4.699956369265869,8.653101782255538,-1.3434043889596303,-2.1615318230051033,-2.4954124074257757,-6.36345387197612,-5.031434779941772,1.7502651208363578,2.035019873885593,1.0769853879692846,-0.8422187550613295,2.060055446105358,-2.5785621243101158,2.015875069658143,-0.40063894314016224,-0.13007043657039052,0.9073381868521743
